room_id,type,unit_id,building_id
939,KI,357,57
941,B,357,57
940,K,357,57
943,S,357,57
942,W,357,57
945,KI,358,57
947,B,358,57
946,K,358,57
949,S,358,57
948,W,358,57
951,KI,359,57
953,B,359,57
952,K,359,57
955,S,359,57
954,W,359,57
957,KI,360,57
959,B,360,57
958,K,360,57
961,S,360,57
960,W,360,57
963,KI,361,57
965,B,361,57
964,K,361,57
967,S,361,57
966,W,361,57
969,KI,362,57
971,B,362,57
970,K,362,57
973,S,362,57
972,W,362,57
975,KI,363,57
977,B,363,57
976,K,363,57
979,S,363,57
978,W,363,57
981,KI,364,57
983,B,364,57
982,K,364,57
985,S,364,57
984,W,364,57
987,KI,365,57
989,B,365,57
988,K,365,57
991,S,365,57
990,W,365,57
993,KI,366,57
994,B,366,57
995,K,366,57
997,S,366,57
996,W,366,57
999,KI,367,57
1001,B,367,57
1000,K,367,57
1003,S,367,57
1002,W,367,57
1005,KI,368,57
1007,B,368,57
1006,K,368,57
1009,S,368,57
1008,W,368,57
1012,B,369,58
1013,Z,369,58
1011,K,369,58
1015,S,369,58
1014,W,369,58
1182,WK,369,58
1018,B,372,58
1019,Z,372,58
1806,KI,372,58
1017,K,372,58
1021,S,372,58
1020,W,372,58
1183,WK,372,58
1023,K,373,58
1024,EZ,373,58
1025,B,373,58
1807,KI,373,58
1027,S,373,58
1026,W,373,58
1184,WK,373,58
1495,K,374,58
1560,W,374,58
1636,B,374,58
1699,S,374,58
1185,WK,374,58
1496,K,375,58
1561,W,375,58
1637,B,375,58
1700,S,375,58
1186,WK,375,58
1497,K,377,58
1562,W,377,58
1638,B,377,58
1701,S,377,58
1187,WK,377,58
1033,B,378,58
1032,K,378,58
1035,S,378,58
1034,W,378,58
1188,WK,378,58
1498,K,379,58
1563,W,379,58
1639,B,379,58
1189,WK,379,58
11756,S,379,58
1499,K,380,58
1564,W,380,58
1640,B,380,58
1703,S,380,58
1190,WK,380,58
1500,K,381,58
1565,W,381,58
1641,B,381,58
1704,S,381,58
1808,KI,381,58
1191,WK,381,58
1566,W,382,58
1041,B,382,58
1042,Z,382,58
1040,K,382,58
1043,S,382,58
1192,WK,382,58
1501,K,383,58
1642,B,383,58
1705,S,383,58
1809,KI,383,58
1193,WK,383,58
1442,W,642,58
1443,B,642,58
1444,S,642,58
1445,Z,642,58
1446,K,642,58
5949,WK,642,58
5950,K,643,58
5951,W,643,58
5953,B,643,58
5954,S,643,58
5955,Z,643,58
5956,WC,643,58
5957,KI,643,58
5958,WK,643,58
5959,K,688,58
5960,W,688,58
5961,B,688,58
5962,S,688,58
5963,WK,688,58
486,KI,186,26
488,B,186,26
491,F,186,26
487,K,186,26
490,S,186,26
489,W,186,26
494,B,187,26
496,F,187,26
493,K,187,26
495,W,187,26
499,B,188,26
502,F,188,26
498,K,188,26
501,S,188,26
500,W,188,26
505,B,189,26
508,F,189,26
504,K,189,26
507,S,189,26
506,W,189,26
511,B,190,26
514,F,190,26
510,K,190,26
513,S,190,26
512,W,190,26
517,B,191,26
520,F,191,26
516,K,191,26
519,S,191,26
518,W,191,26
523,B,192,26
524,Z,192,26
527,WC,192,26
522,K,192,26
526,S,192,26
525,W,192,26
530,B,193,26
533,F,193,26
529,K,193,26
532,S,193,26
531,W,193,26
536,B,194,26
539,F,194,26
535,K,194,26
538,S,194,26
537,W,194,26
542,B,195,26
545,F,195,26
541,K,195,26
544,S,195,26
543,W,195,26
5847,KI,605,17
5846,S,605,17
5845,B,605,17
5844,W,605,17
5843,K,605,17
5852,KI,606,17
5851,S,606,17
5850,B,606,17
5849,W,606,17
5848,K,606,17
5862,KI,607,17
5861,S,607,17
5860,B,607,17
5859,W,607,17
5858,K,607,17
5837,KI,608,17
5836,S,608,17
5835,B,608,17
5834,W,608,17
5833,K,608,17
5842,KI,609,17
5841,S,609,17
5840,B,609,17
5839,W,609,17
5838,K,609,17
5913,F,631,52
5912,S,631,52
5911,B,631,52
5910,W,631,52
5909,K,631,52
5917,S,632,52
5916,B,632,52
5915,W,632,52
5914,K,632,52
5922,F,633,52
5921,S,633,52
5920,B,633,52
5919,W,633,52
5918,K,633,52
5927,F,634,52
5926,S,634,52
5925,B,634,52
5924,W,634,52
5923,K,634,52
5931,S,635,52
5930,B,635,52
5929,W,635,52
5928,K,635,52
5936,F,636,52
5935,S,636,52
5934,B,636,52
5933,W,636,52
5932,K,636,52
5941,F,637,52
5940,S,637,52
5939,B,637,52
5938,W,637,52
5937,K,637,52
1426,S,638,52
5944,B,638,52
5943,W,638,52
5942,K,638,52
5899,F,639,52
5898,S,639,52
5897,B,639,52
5896,W,639,52
5895,K,639,52
5903,S,640,52
5902,B,640,52
5901,W,640,52
5900,K,640,52
5908,F,641,52
5907,S,641,52
5906,B,641,52
5905,W,641,52
5904,K,641,52
5803,K,656,17
5804,W,656,17
5805,B,656,17
5806,S,656,17
5807,KI,656,17
5808,K,657,17
5809,W,657,17
5810,B,657,17
5811,S,657,17
5812,KI,657,17
5813,K,658,17
5814,W,658,17
5815,S,658,17
5816,KI,658,17
5817,D,658,17
5818,K,659,17
5819,W,659,17
5820,B,659,17
5821,S,659,17
5822,KI,659,17
5823,K,660,17
5824,W,660,17
5825,B,660,17
5826,S,660,17
5827,KI,660,17
5828,K,661,17
5829,W,661,17
5830,B,661,17
5831,S,661,17
5832,KI,661,17
5857,KI,1641,17
5856,S,1641,17
5855,B,1641,17
5854,W,1641,17
5853,K,1641,17
9584,Z,27,4
1455,K,27,4
1521,W,27,4
1595,B,27,4
1661,S,27,4
1767,F,27,4
1137,KL,27,4
1456,K,28,4
1522,W,28,4
1596,B,28,4
1662,S,28,4
1768,F,28,4
1138,KL,28,4
9585,Z,29,4
1523,W,29,4
1597,B,29,4
1663,S,29,4
10408,K,29,4
10409,F,29,4
1139,KL,29,4
1458,K,30,4
1524,W,30,4
1598,B,30,4
1664,S,30,4
1770,F,30,4
1140,KL,30,4
9586,Z,31,4
1459,K,31,4
1525,W,31,4
1599,B,31,4
1665,S,31,4
1771,F,31,4
10525,KL,31,4
1526,W,32,4
1600,B,32,4
1666,S,32,4
10406,K,32,4
10407,F,32,4
1141,KL,32,4
9587,Z,33,4
1461,K,33,4
1527,W,33,4
1601,B,33,4
1484,K,289,45
1485,K,290,45
1548,W,289,45
1549,W,290,45
1550,W,291,45
813,KI,288,45
1625,B,289,45
1626,B,290,45
1627,B,291,45
815,B,288,45
1687,S,289,45
1688,S,290,45
1689,S,291,45
10375,K,291,45
814,K,288,45
817,S,288,45
816,W,288,45
9762,K,283,45
9763,W,283,45
9764,B,283,45
9765,S,283,45
9766,Z,283,45
9767,K,284,45
9768,W,284,45
9769,B,284,45
9770,S,284,45
9771,K,285,45
9772,W,285,45
9773,B,285,45
9774,S,285,45
9775,Z,285,45
9776,K,286,45
9777,W,286,45
9778,B,286,45
9779,S,286,45
9780,Z,286,45
9781,K,287,45
9782,W,287,45
9783,B,287,45
9784,Z,287,45
9785,Z,288,45
9786,Z,289,45
9787,Z,291,45
1667,S,33,4
1773,F,33,4
10538,KL,33,4
1528,W,34,4
1602,B,34,4
1668,S,34,4
10404,K,34,4
10405,F,34,4
1142,KL,34,4
1463,K,35,4
1529,W,35,4
1603,B,35,4
1669,S,35,4
1775,F,35,4
10550,KL,35,4
9588,B,36,4
1530,W,36,4
1670,S,36,4
1776,F,36,4
1143,KL,36,4
10551,K,36,4
9589,Z,37,4
1465,K,37,4
1531,W,37,4
1604,B,37,4
1671,S,37,4
1144,KL,37,4
10562,F,37,4
1466,K,38,4
1532,W,38,4
1605,B,38,4
1672,S,38,4
1778,F,38,4
1145,KL,38,4
75,EZ,49,10
78,B,49,10
81,F,49,10
83,EZ,50,10
85,B,50,10
89,EZ,51,10
91,B,51,10
92,Z,51,10
95,F,51,10
97,EZ,52,10
99,B,52,10
103,EZ,53,10
106,B,53,10
109,F,53,10
112,B,54,10
9590,Z,49,10
4,KI,15,2
11,KI,18,2
6,B,15,2
13,B,18,2
17,B,19,2
9553,K,12,2
9554,W,12,2
9555,B,12,2
9556,S,12,2
9557,Z,12,2
9559,W,13,2
9560,B,13,2
9561,S,13,2
9562,K,14,2
9563,W,14,2
9564,B,14,2
9565,S,14,2
9566,Z,14,2
9567,Z,15,2
9568,K,16,2
9569,W,16,2
9570,B,16,2
9571,S,16,2
9572,K,17,2
9573,W,17,2
9574,B,17,2
9575,S,17,2
9576,Z,17,2
9577,Z,18,2
9578,Z,19,2
9579,Z,20,2
1454,K,20,2
1520,W,20,2
1594,B,20,2
1660,S,20,2
10364,WK,16,2
5,K,15,2
12,K,18,2
16,K,19,2
8,S,15,2
15,S,18,2
19,S,19,2
7,W,15,2
14,W,18,2
18,W,19,2
1174,WK,13,2
1175,WK,15,2
1176,WK,17,2
1177,WK,20,2
10417,K,13,2
9591,Z,53,10
1585,EZ,54,10
1779,F,50,10
1780,F,52,10
1781,F,54,10
76,K,49,10
84,K,50,10
90,K,51,10
98,K,52,10
104,K,53,10
111,K,54,10
80,S,49,10
87,S,50,10
94,S,51,10
101,S,52,10
108,S,53,10
114,S,54,10
79,W,49,10
86,W,50,10
93,W,51,10
100,W,52,10
107,W,53,10
113,W,54,10
5766,WC,646,14
183,B,78,14
5774,W,75,14
5773,K,75,14
191,KI,83,14
193,B,83,14
5778,Z,75,14
5777,S,75,14
5776,B,75,14
5782,S,76,14
5781,B,76,14
5780,W,76,14
5779,K,76,14
5786,S,77,14
5785,B,77,14
5784,W,77,14
5783,K,77,14
5790,S,79,14
5789,B,79,14
5788,W,79,14
5787,K,79,14
5794,S,80,14
5793,B,80,14
5792,W,80,14
5791,K,80,14
5798,S,81,14
5797,B,81,14
5796,W,81,14
5795,K,81,14
5802,S,82,14
5801,B,82,14
5800,W,82,14
5799,K,82,14
182,K,78,14
192,K,83,14
179,U,75,14
196,U,83,14
185,S,78,14
195,S,83,14
184,W,78,14
194,W,83,14
10025,Z,646,14
10026,LD,646,14
10027,BUE,646,14
10028,Z,83,14
10029,Z,77,14
10034,Z,79,14
10035,Z,81,14
258,KI,97,16
260,B,97,16
9595,Z,97,16
259,K,97,16
262,S,97,16
261,W,97,16
264,KI,98,16
266,B,98,16
1587,EZ,98,16
265,K,98,16
268,S,98,16
267,W,98,16
270,KI,99,16
272,B,99,16
9596,Z,99,16
271,K,99,16
274,S,99,16
273,W,99,16
276,KI,100,16
278,B,100,16
277,K,100,16
280,S,100,16
279,W,100,16
282,KI,101,16
284,B,101,16
9597,Z,101,16
283,K,101,16
286,S,101,16
285,W,101,16
288,KI,102,16
290,B,102,16
289,K,102,16
292,S,102,16
291,W,102,16
1471,K,103,16
1536,W,103,16
1588,EZ,103,16
1610,B,103,16
1676,S,103,16
295,KI,104,16
297,B,104,16
1589,EZ,104,16
296,K,104,16
299,S,104,16
298,W,104,16
301,KI,105,16
303,B,105,16
302,K,105,16
305,S,105,16
304,W,105,16
1537,W,106,16
1611,B,106,16
1677,S,106,16
1803,KI,106,16
307,K,106,16
309,KI,107,16
311,B,107,16
9598,Z,107,16
310,K,107,16
313,S,107,16
312,W,107,16
1472,K,108,16
1538,W,108,16
1612,B,108,16
1678,S,108,16
1804,KI,108,16
321,B,125,18
9599,K,121,18
9600,W,121,18
9601,B,121,18
9602,S,121,18
9603,Z,121,18
9604,K,122,18
9605,W,122,18
9606,B,122,18
9607,S,122,18
9608,K,123,18
9609,W,123,18
9610,B,123,18
9611,S,123,18
9612,Z,123,18
9613,K,124,18
9614,W,124,18
9615,B,124,18
9616,S,124,18
9617,Z,124,18
9618,Z,125,18
9619,K,126,18
9620,W,126,18
9621,B,126,18
9622,S,126,18
9623,Z,126,18
9624,Z,127,18
9625,Z,129,18
1473,K,127,18
1474,K,128,18
1475,K,129,18
1539,W,127,18
1540,W,128,18
1541,W,129,18
1613,B,127,18
1614,B,128,18
1615,B,129,18
1679,S,128,18
1680,S,129,18
10393,WK,129,18
320,K,125,18
323,S,125,18
322,W,125,18
1146,KL,127,18
9626,K,130,20
9627,W,130,20
9628,B,130,20
9629,S,130,20
1147,KL,130,20
9630,F,130,20
9631,W,131,20
9632,S,131,20
1148,KL,131,20
10317,F,131,20
9633,Z,131,20
9635,K,132,20
9636,W,132,20
9637,S,132,20
9638,Z,132,20
9639,F,132,20
1616,B,132,20
1149,KL,132,20
9640,K,133,20
9641,W,133,20
9642,B,133,20
9643,S,133,20
9644,F,133,20
1150,KL,133,20
9645,Z,134,20
1476,K,134,20
1617,B,134,20
1681,S,134,20
1151,KL,134,20
10931,F,134,20
9646,K,135,20
9647,W,135,20
9648,B,135,20
9649,S,135,20
1152,KL,135,20
9650,F,135,20
10397,F,136,20
10398,S,136,20
10399,Z,136,20
9651,K,136,20
9652,W,136,20
9653,B,136,20
10945,KL,136,20
10392,KL,137,20
9657,K,137,20
9658,W,137,20
9659,B,137,20
9660,S,137,20
9661,F,137,20
1154,KL,138,20
9662,K,138,20
9663,W,138,20
9664,B,138,20
9665,Z,138,20
9666,F,138,20
10389,KL,139,20
10390,F,139,20
10391,K,139,20
9668,W,139,20
9669,B,139,20
9670,S,139,20
1155,KL,140,20
9672,K,140,20
9673,W,140,20
9674,B,140,20
9675,S,140,20
9676,Z,140,20
9677,F,140,20
1156,KL,141,20
9678,K,141,20
9679,W,141,20
9680,B,141,20
9681,S,141,20
9682,F,141,20
9808,K,318,50
9809,W,318,50
9810,B,318,50
9811,S,318,50
9812,WC,318,50
9813,KI,318,50
9802,K,317,50
9803,W,317,50
9804,B,317,50
9805,S,317,50
9806,WC,317,50
9807,KI,317,50
1488,K,316,50
1552,W,316,50
1629,B,316,50
1691,S,316,50
1805,KI,316,50
1487,K,315,50
1551,W,315,50
1628,B,315,50
1690,S,315,50
9801,Z,315,50
9794,K,314,50
9795,W,314,50
9796,EZ,314,50
9797,B,314,50
9798,S,314,50
9799,WC,314,50
9800,KI,314,50
9788,K,313,50
9789,W,313,50
9790,B,313,50
9791,S,313,50
9792,Z,313,50
9793,WC,313,50
9834,K,324,50
9835,W,324,50
9836,B,324,50
9837,S,324,50
9838,WC,324,50
9839,KI,324,50
9828,K,323,50
9829,W,323,50
9830,B,323,50
9831,S,323,50
9832,WC,323,50
9833,KI,323,50
1490,K,322,50
1554,W,322,50
1631,B,322,50
1693,S,322,50
9827,Z,322,50
1489,K,321,50
1553,W,321,50
1590,EZ,321,50
1630,B,321,50
1692,S,321,50
9821,K,320,50
9822,W,320,50
9823,B,320,50
9824,S,320,50
9825,WC,320,50
9826,KI,320,50
9814,K,319,50
9815,W,319,50
9816,EZ,319,50
9817,B,319,50
9818,S,319,50
9819,Z,319,50
9820,WC,319,50
8706,K,1397,21
8707,W,1397,21
8708,B,1397,21
8709,S,1397,21
8702,K,1396,21
8703,W,1396,21
8704,B,1396,21
8705,S,1396,21
8698,W,1395,21
8699,B,1395,21
8700,S,1395,21
8701,KI,1395,21
8694,K,1394,21
8695,W,1394,21
8696,B,1394,21
8697,S,1394,21
8689,W,1393,21
8690,EZ,1393,21
8691,B,1393,21
8692,S,1393,21
8693,F,1393,21
8684,K,1392,21
8685,W,1392,21
8686,B,1392,21
8687,S,1392,21
8688,F,1392,21
9481,K,1607,21
9482,W,1607,21
9483,B,1607,21
9484,S,1607,21
8643,K,1385,21
8644,W,1385,21
8645,B,1385,21
8646,S,1385,21
8639,K,1384,21
8640,W,1384,21
8641,B,1384,21
8642,S,1384,21
8634,K,1383,21
8635,B,1383,21
8636,S,1383,21
8637,F,1383,21
8638,BUE,1383,21
8809,K,1429,38
8810,W,1429,38
8812,B,1429,38
14179,K,2410,57
14180,W,2410,57
14181,B,2410,57
14182,S,2410,57
14183,KI,2410,57
14184,K,2411,57
14185,W,2411,57
14186,B,2411,57
14187,S,2411,57
14188,KI,2411,57
14189,K,2412,57
14190,W,2412,57
14191,B,2412,57
14192,S,2412,57
14193,KI,2412,57
14194,K,2413,57
14195,W,2413,57
14196,B,2413,57
14197,S,2413,57
14198,KI,2413,57
14199,K,2414,57
14200,W,2414,57
14201,B,2414,57
14202,S,2414,57
14203,KI,2414,57
14204,K,2415,57
14205,W,2415,57
14206,B,2415,57
14207,S,2415,57
14208,KI,2415,57
15500,K,2695,57
15501,W,2695,57
15502,B,2695,57
15503,S,2695,57
15504,KI,2695,57
15505,K,2696,57
15506,W,2696,57
15507,B,2696,57
15508,S,2696,57
15509,KI,2696,57
15510,K,2697,57
15511,W,2697,57
15512,B,2697,57
15513,S,2697,57
15514,KI,2697,57
15515,K,2698,57
15516,W,2698,57
15517,B,2698,57
15518,S,2698,57
15519,KI,2698,57
15520,K,2699,57
15521,W,2699,57
15522,B,2699,57
15523,S,2699,57
15524,KI,2699,57
15525,K,2700,57
15526,W,2700,57
15527,B,2700,57
15528,S,2700,57
15529,KI,2700,57
8813,S,1429,38
8814,Z,1429,38
8815,K,1430,38
8816,W,1430,38
8818,B,1430,38
8819,S,1430,38
8820,Z,1430,38
8821,K,1431,38
8822,W,1431,38
8824,B,1431,38
8825,S,1431,38
8826,Z,1431,38
8827,K,1432,38
8828,W,1432,38
8830,B,1432,38
8831,S,1432,38
8832,Z,1432,38
8833,K,1433,38
8834,W,1433,38
8836,B,1433,38
8837,S,1433,38
8838,Z,1433,38
8839,K,1434,38
8840,W,1434,38
8842,B,1434,38
8843,S,1434,38
8844,Z,1434,38
8845,K,1435,38
8846,W,1435,38
8848,B,1435,38
8849,S,1435,38
8850,Z,1435,38
8851,K,1436,38
8852,W,1436,38
8854,B,1436,38
8855,S,1436,38
8856,Z,1436,38
8963,K,1456,38
8964,W,1456,38
8966,B,1456,38
8967,S,1456,38
8968,Z,1456,38
8969,K,1457,38
8970,W,1457,38
8972,B,1457,38
8973,S,1457,38
8974,Z,1457,38
8975,K,1458,38
8976,W,1458,38
8978,B,1458,38
8979,S,1458,38
8980,Z,1458,38
8981,K,1459,38
8982,W,1459,38
8984,B,1459,38
8985,S,1459,38
8986,Z,1459,38
14989,K,2577,38
14990,W,2577,38
14991,B,2577,38
14992,S,2577,38
14993,Z,2577,38
14994,K,2578,38
14995,W,2578,38
14996,B,2578,38
14997,S,2578,38
14998,Z,2578,38
14999,K,2579,38
15000,W,2579,38
15001,B,2579,38
15002,S,2579,38
15003,Z,2579,38
15004,K,2580,38
15005,W,2580,38
15006,B,2580,38
15007,S,2580,38
15008,Z,2580,38
15029,K,2585,38
15030,W,2585,38
15031,B,2585,38
15032,S,2585,38
15033,Z,2585,38
15034,K,2586,38
15035,W,2586,38
15036,B,2586,38
15037,S,2586,38
15038,Z,2586,38
15039,K,2587,38
15040,W,2587,38
15041,B,2587,38
15042,S,2587,38
15043,Z,2587,38
15044,K,2588,38
15045,W,2588,38
15046,B,2588,38
15047,S,2588,38
15048,Z,2588,38
15302,K,2642,38
15303,W,2642,38
15304,B,2642,38
15305,S,2642,38
15306,Z,2642,38
15307,K,2643,38
15308,W,2643,38
15309,B,2643,38
15310,S,2643,38
15311,Z,2643,38
15312,K,2644,38
15313,W,2644,38
15314,B,2644,38
15315,S,2644,38
15316,Z,2644,38
15317,K,2645,38
15318,W,2645,38
15319,B,2645,38
15320,S,2645,38
15321,Z,2645,38
15051,B,2589,7
15052,S,2589,7
15053,Z,2589,7
15054,K,2590,7
15055,W,2590,7
15056,B,2590,7
15057,S,2590,7
15058,Z,2590,7
15059,K,2591,7
1492,K,354,53
1493,K,355,53
1494,K,356,53
1557,W,354,53
1558,W,355,53
1559,W,356,53
1633,B,354,53
1634,B,355,53
1635,B,356,53
1696,S,354,53
1697,S,355,53
1698,S,356,53
925,B,349,53
928,KI,350,53
930,B,350,53
924,K,349,53
929,K,350,53
927,S,349,53
932,S,350,53
926,W,349,53
931,W,350,53
1180,WK,355,53
1181,WK,356,53
9840,K,348,53
9841,W,348,53
9842,B,348,53
9843,S,348,53
9844,Z,348,53
9845,Z,350,53
9846,K,351,53
9847,W,351,53
9848,B,351,53
9849,Z,351,53
9851,K,352,53
9852,W,352,53
9853,B,352,53
9854,S,352,53
9855,K,353,53
9856,W,353,53
9857,B,353,53
9858,S,353,53
9859,Z,353,53
9860,Z,354,53
9861,Z,356,53
11688,WK,351,53
11703,WK,354,53
1502,K,384,66
1567,W,384,66
1643,B,384,66
1706,S,384,66
1786,F,384,66
1158,KL,384,66
9862,Z,384,66
10337,K,385,66
1568,W,385,66
10385,B,385,66
10386,S,385,66
10387,F,385,66
1159,KL,385,66
1504,K,386,66
1569,W,386,66
1645,B,386,66
1708,S,386,66
1788,F,386,66
1160,KL,386,66
9863,Z,386,66
1505,K,387,66
1570,W,387,66
1646,B,387,66
1709,S,387,66
1789,F,387,66
1161,KL,387,66
1506,K,388,66
1571,W,388,66
1647,B,388,66
1710,S,388,66
1790,F,388,66
1162,KL,388,66
9864,Z,388,66
1572,W,389,66
1648,B,389,66
1711,S,389,66
10383,K,389,66
1791,F,389,66
1163,KL,389,66
1508,K,390,66
1573,W,390,66
1649,B,390,66
1712,S,390,66
1792,F,390,66
1164,KL,390,66
9865,Z,390,66
1574,W,391,66
1650,B,391,66
10380,K,391,66
10381,S,391,66
10382,F,391,66
1165,KL,391,66
1510,K,392,66
1575,W,392,66
1651,B,392,66
1714,S,392,66
10384,F,392,66
1166,KL,392,66
9866,Z,392,66
1576,W,393,66
1715,S,393,66
10400,K,393,66
10401,F,393,66
1167,KL,393,66
1577,W,394,66
1716,S,394,66
10394,B,394,66
10395,F,394,66
10396,K,394,66
1168,KL,394,66
9867,Z,394,66
1578,W,395,66
1653,B,395,66
1717,S,395,66
1797,F,395,66
1169,KL,395,66
11850,K,395,66
1107,KI,429,73
1798,WC,429,73
1109,B,429,73
1108,K,429,73
1111,S,429,73
1110,W,429,73
9959,Z,429,73
1104,B,428,73
1103,K,428,73
1106,S,428,73
1105,W,428,73
1098,KI,427,73
1100,B,427,73
1099,K,427,73
1102,S,427,73
1101,W,427,73
1196,WK,427,73
9957,Z,427,73
9958,WC,427,73
1095,B,426,73
1094,K,426,73
1097,S,426,73
1096,W,426,73
1195,WK,425,73
9951,K,425,73
9952,W,425,73
9953,B,425,73
9954,S,425,73
9955,Z,425,73
9956,WC,425,73
1194,WK,424,73
9947,K,424,73
9948,W,424,73
9949,B,424,73
9950,S,424,73
1519,K,423,73
1584,W,423,73
1659,B,423,73
1723,S,423,73
9946,Z,423,73
11923,KI,423,73
1518,K,422,73
1583,W,422,73
1658,B,422,73
1722,S,422,73
9945,Z,422,73
9940,K,421,73
9941,W,421,73
9942,B,421,73
9943,S,421,73
9944,Z,421,73
1082,KI,420,73
1081,W,420,73
1084,B,420,73
1083,K,420,73
1087,S,420,73
9939,Z,420,73
9934,K,419,73
9935,W,419,73
9936,B,419,73
9937,S,419,73
9938,Z,419,73
9929,K,418,73
9930,W,418,73
9931,B,418,73
9932,S,418,73
9933,Z,418,73
6488,WK,201,28
6487,S,201,28
6486,B,201,28
6485,W,201,28
6484,K,201,28
6483,S,200,28
6482,B,200,28
6481,W,200,28
6480,K,200,28
10310,K,199,28
10311,W,199,28
10312,S,199,28
6506,WK,199,28
6504,B,199,28
6498,WK,198,28
6497,S,198,28
6496,B,198,28
6495,W,198,28
6494,K,198,28
549,B,197,28
548,K,197,28
551,S,197,28
550,W,197,28
6493,WK,197,28
10313,KI,196,28
6503,WK,196,28
6501,B,196,28
7749,K,1114,28
7751,B,1114,28
7752,S,1114,28
7753,Z,1114,28
7754,KI,1114,28
7755,WK,1114,28
7739,WK,206,28
7738,Z,206,28
7737,S,206,28
7736,B,206,28
7734,K,206,28
7733,WK,205,28
7732,S,205,28
7731,B,205,28
7730,W,205,28
7729,K,205,28
563,B,203,28
564,Z,203,28
562,K,203,28
565,W,203,28
7748,WK,203,28
7747,S,203,28
560,F,202,28
557,K,202,28
559,S,202,28
558,W,202,28
7742,B,202,28
407,B,168,24
406,K,168,24
409,S,168,24
408,W,168,24
7766,ALG,168,24
7765,Z,168,24
402,B,167,24
401,K,167,24
404,S,167,24
403,W,167,24
7760,ALG,167,24
397,B,166,24
396,K,166,24
399,S,166,24
398,W,166,24
7780,ALG,166,24
7776,ALG,165,24
7775,S,165,24
7774,B,165,24
7773,W,165,24
7772,K,165,24
7771,ALG,164,24
7770,S,164,24
7769,B,164,24
7768,W,164,24
7767,K,164,24
6610,ALG,173,24
6609,S,173,24
6608,B,173,24
6607,W,173,24
6606,K,173,24
11065,WK,173,24
6605,ALG,172,24
6604,S,172,24
6603,B,172,24
6602,W,172,24
6601,K,172,24
11060,WK,172,24
6626,ALG,171,24
6625,S,171,24
6624,B,171,24
6623,W,171,24
6622,K,171,24
6621,ALG,170,24
6620,Z,170,24
6619,B,170,24
6617,W,170,24
6616,K,170,24
6615,ALG,169,24
6614,S,169,24
6613,B,169,24
6612,W,169,24
6611,K,169,24
11045,WK,169,24
6856,K,913,47
6857,W,913,47
6859,B,913,47
6860,S,913,47
6861,Z,913,47
6862,K,914,47
6863,W,914,47
6864,EZ,914,47
6866,B,914,47
6867,S,914,47
6868,Z,914,47
6869,WC,914,47
6870,K,915,47
6871,W,915,47
6872,EZ,915,47
6873,B,915,47
6874,S,915,47
6875,K,916,47
6876,W,916,47
6878,B,916,47
6879,S,916,47
6880,Z,916,47
6881,WC,916,47
6882,BUE,916,47
6883,K,917,47
6884,W,917,47
6885,B,917,47
6886,S,917,47
6887,K,918,47
6888,W,918,47
6889,EZ,918,47
6890,B,918,47
6891,S,918,47
7198,K,992,47
7199,W,992,47
7201,B,992,47
7202,S,992,47
7203,Z,992,47
7204,WC,992,47
7205,K,993,47
7206,W,993,47
7207,EZ,993,47
7208,B,993,47
7209,S,993,47
7210,K,994,47
7211,W,994,47
7213,B,994,47
7214,S,994,47
7215,Z,994,47
7216,WC,994,47
7217,K,995,47
7218,W,995,47
7219,B,995,47
7220,S,995,47
7221,KI,995,47
7222,K,996,47
7223,W,996,47
7224,EZ,996,47
7225,B,996,47
7226,S,996,47
7227,K,997,47
7228,W,997,47
7230,B,997,47
7231,S,997,47
7232,Z,997,47
623,KI,236,39
630,KI,238,39
635,KI,239,39
642,KI,241,39
648,KI,242,39
661,KI,245,39
625,B,236,39
632,B,238,39
637,B,239,39
644,B,241,39
650,B,242,39
654,EZ,243,39
656,B,243,39
663,B,245,39
624,K,236,39
631,K,238,39
636,K,239,39
643,K,241,39
649,K,242,39
655,K,243,39
662,K,245,39
627,S,236,39
633,S,238,39
639,S,239,39
646,S,241,39
652,S,242,39
658,S,243,39
665,S,245,39
626,W,236,39
638,W,239,39
645,W,241,39
651,W,242,39
657,W,243,39
664,W,245,39
6931,Z,244,39
6930,S,244,39
6929,B,244,39
6927,W,244,39
6926,K,244,39
6936,Z,245,39
6942,Z,236,39
6948,Z,237,39
6947,S,237,39
6946,B,237,39
6944,W,237,39
6943,K,237,39
6954,Z,238,39
6950,W,238,39
6959,Z,239,39
6965,Z,240,39
6964,S,240,39
6963,B,240,39
6961,W,240,39
6960,K,240,39
6971,Z,241,39
6977,Z,242,39
7725,B,1105,13
7728,WK,1105,13
13108,K,1105,13
13109,W,1105,13
13111,S,1105,13
13112,KI,1105,13
7712,WK,74,13
7711,S,74,13
7710,B,74,13
7709,W,74,13
7708,K,74,13
7707,WK,73,13
7706,S,73,13
7705,B,73,13
7704,W,73,13
7703,K,73,13
7722,WK,71,13
7721,S,71,13
7720,B,71,13
7719,W,71,13
7718,K,71,13
7717,WK,70,13
7716,S,70,13
7715,B,70,13
7714,W,70,13
7713,K,70,13
1258,W,598,13
1259,EZ,598,13
1260,B,598,13
1261,S,598,13
1262,K,598,13
7702,WK,598,13
7686,WK,69,13
7685,KI,69,13
7684,S,69,13
7683,B,69,13
7682,W,69,13
7681,WK,68,13
7680,S,68,13
7679,B,68,13
7678,W,68,13
7677,K,68,13
169,B,66,13
168,K,66,13
171,S,66,13
170,W,66,13
7696,WK,66,13
164,B,65,13
163,K,65,13
166,S,65,13
165,W,65,13
7691,WK,65,13
375,B,159,23
374,K,159,23
376,S,159,23
8329,W,159,23
370,B,158,23
369,K,158,23
372,S,158,23
371,W,158,23
365,B,157,23
364,K,157,23
367,S,157,23
366,W,157,23
359,W,156,23
361,B,156,23
362,S,156,23
360,K,156,23
355,B,155,23
354,K,155,23
357,S,155,23
356,W,155,23
352,K,154,23
8339,S,154,23
8338,B,154,23
8337,W,154,23
389,W,163,23
391,B,163,23
392,S,163,23
10367,F,163,23
390,K,163,23
8560,S,162,23
8559,B,162,23
8558,W,162,23
8557,K,162,23
384,B,161,23
10359,F,161,23
383,K,161,23
386,S,161,23
385,W,161,23
379,B,160,23
378,K,160,23
381,S,160,23
380,W,160,23
8869,K,1439,7
8870,W,1439,7
8872,B,1439,7
8873,S,1439,7
8874,Z,1439,7
8875,K,1440,7
8876,W,1440,7
8878,B,1440,7
8879,S,1440,7
8880,Z,1440,7
8881,K,1441,7
8882,W,1441,7
8884,B,1441,7
8885,S,1441,7
8886,Z,1441,7
8887,K,1442,7
8888,W,1442,7
8890,B,1442,7
8891,S,1442,7
8892,Z,1442,7
9200,K,1508,7
9201,W,1508,7
9203,B,1508,7
9204,S,1508,7
9205,Z,1508,7
9206,K,1509,7
9207,W,1509,7
9209,B,1509,7
9210,S,1509,7
9211,Z,1509,7
9212,K,1510,7
9213,W,1510,7
9215,B,1510,7
9216,S,1510,7
9217,Z,1510,7
9218,K,1511,7
9219,W,1511,7
9221,B,1511,7
9222,S,1511,7
9223,Z,1511,7
9296,K,1574,7
9297,W,1574,7
9299,B,1574,7
9300,S,1574,7
9301,Z,1574,7
9302,K,1575,7
9303,W,1575,7
9305,B,1575,7
9306,S,1575,7
9307,Z,1575,7
9308,K,1576,7
9309,W,1576,7
9311,B,1576,7
9312,Z,1576,7
9313,K,1577,7
9314,W,1577,7
9316,B,1577,7
9317,S,1577,7
9318,Z,1577,7
14521,K,2482,7
14522,W,2482,7
14523,B,2482,7
14524,S,2482,7
14525,Z,2482,7
14526,K,2483,7
14527,W,2483,7
14528,B,2483,7
14529,S,2483,7
14530,Z,2483,7
14531,K,2484,7
14532,W,2484,7
14533,B,2484,7
14534,S,2484,7
14535,Z,2484,7
14536,K,2485,7
14537,W,2485,7
14538,B,2485,7
14539,S,2485,7
14540,Z,2485,7
15009,K,2581,7
15010,W,2581,7
15011,B,2581,7
15012,S,2581,7
15013,Z,2581,7
15014,K,2582,7
15015,W,2582,7
15016,B,2582,7
15017,S,2582,7
15018,Z,2582,7
15019,K,2583,7
15020,W,2583,7
15021,B,2583,7
15022,S,2583,7
15023,Z,2583,7
15024,K,2584,7
15025,W,2584,7
15026,B,2584,7
15027,S,2584,7
15028,Z,2584,7
15049,K,2589,7
15050,W,2589,7
15060,W,2591,7
15061,B,2591,7
15062,Z,2591,7
15063,K,2592,7
15064,W,2592,7
15065,B,2592,7
15066,S,2592,7
15067,Z,2592,7
9176,K,1495,74
9177,W,1495,74
9179,B,1495,74
9180,S,1495,74
9181,Z,1495,74
9182,K,1496,74
9183,W,1496,74
9185,B,1496,74
9186,S,1496,74
9187,Z,1496,74
9188,K,1497,74
9189,W,1497,74
9191,B,1497,74
9192,S,1497,74
9193,Z,1497,74
9194,K,1498,74
9195,W,1498,74
9197,B,1498,74
9198,S,1498,74
9199,Z,1498,74
9224,K,1518,74
9225,W,1518,74
9227,B,1518,74
9228,S,1518,74
9229,Z,1518,74
9230,K,1519,74
9231,W,1519,74
9233,B,1519,74
9234,S,1519,74
9235,Z,1519,74
9236,K,1520,74
9237,W,1520,74
9239,B,1520,74
9240,S,1520,74
9241,Z,1520,74
9242,K,1521,74
9243,W,1521,74
9245,B,1521,74
9246,Z,1521,74
9319,K,1578,74
9320,W,1578,74
9322,B,1578,74
9323,S,1578,74
9324,Z,1578,74
9325,K,1579,74
9326,W,1579,74
9328,B,1579,74
9329,S,1579,74
9330,Z,1579,74
9331,K,1580,74
9332,W,1580,74
9334,B,1580,74
9335,S,1580,74
9336,Z,1580,74
9337,K,1581,74
9338,W,1581,74
9340,B,1581,74
9341,S,1581,74
9342,Z,1581,74
14091,K,2394,74
14092,W,2394,74
14093,B,2394,74
14094,S,2394,74
14095,Z,2394,74
14096,K,2395,74
14097,W,2395,74
14098,B,2395,74
14099,S,2395,74
14100,Z,2395,74
14101,K,2396,74
14102,W,2396,74
14103,B,2396,74
14104,S,2396,74
14105,Z,2396,74
14106,K,2397,74
14107,W,2397,74
14108,B,2397,74
14109,S,2397,74
14110,Z,2397,74
14261,K,2427,74
14262,W,2427,74
14263,B,2427,74
14264,S,2427,74
14265,Z,2427,74
14266,K,2428,74
14267,W,2428,74
14268,B,2428,74
14269,S,2428,74
14270,Z,2428,74
14271,K,2429,74
14272,W,2429,74
14273,B,2429,74
14274,S,2429,74
14275,Z,2429,74
14276,K,2430,74
14277,W,2430,74
14278,B,2430,74
14279,S,2430,74
14280,Z,2430,74
14810,K,2543,74
14811,W,2543,74
14812,B,2543,74
14813,S,2543,74
14814,Z,2543,74
14815,K,2544,74
14816,W,2544,74
14817,B,2544,74
14818,S,2544,74
14819,Z,2544,74
14820,K,2545,74
14821,W,2545,74
14822,B,2545,74
14823,S,2545,74
14824,Z,2545,74
14825,K,2546,74
14826,W,2546,74
14827,B,2546,74
14828,Z,2546,74
1348,B,619,46
1349,S,619,46
1350,Z,619,46
1351,K,619,46
7615,W,619,46
10165,B,296,46
10168,WK,296,46
831,K,296,46
833,S,296,46
832,W,296,46
10158,B,295,46
827,K,295,46
829,S,295,46
828,W,295,46
10172,WK,293,46
823,B,293,46
822,K,293,46
825,S,293,46
824,W,293,46
10160,S,292,46
10161,W,292,46
10162,B,292,46
10163,K,292,46
10171,WK,292,46
7563,K,1075,46
7564,W,1075,46
7565,B,1075,46
7566,S,1075,46
7567,KI,1075,46
7568,WK,1075,46
1352,EZ,620,46
1353,B,620,46
1354,S,620,46
1355,K,620,46
10159,B,301,46
10169,WK,301,46
849,K,301,46
851,S,301,46
850,W,301,46
10170,WK,300,46
845,B,300,46
844,K,300,46
847,S,300,46
846,W,300,46
10164,B,298,46
10167,WK,298,46
840,K,298,46
842,S,298,46
841,W,298,46
10166,WK,297,46
836,B,297,46
835,K,297,46
838,S,297,46
837,W,297,46
